"ranger_obj$variable.importance","var","prop"
-0.0688437088882513,"QMD.PICO",49.8996024000367
-0.0691207348689212,"BA.PICO",50.1003975999633
